A Comparative Study between "Prediction-response" and "Scenario-response" in Unconventional Emergency Decision-making Management,"Pang Jiaju,Li Shiming,Liu Liang",IEEE,2011,TRUE
A Comparative Study of Employee Churn Prediction Model,"Andry Alamsyah,Nisrina Salma",ICST,2018,TRUE
A Dynamic Decision Model of Human Task Selection Performance,Krishna R. Pattipati,David L. Kleinman,Arye R. Ephrath,IEEE,2012,TRUE
A new prediction method for edge detection based on human visual feature,Mingxiu Lin,Shuai Chen,CCDC,2012,TRUE
Accuracy and Effort of Decision-Making Strategies With Incomplete Information,Marc C. Canellas,Karen M. Feigh,Zarrin K. Chua,IEEE,2014,TRUE
Advances in Prospect Theory_ Cumulative Representation of Uncertainty,"Amos Tversky,Daniel Kahneman",J RISK UNCERTAINTY,1992,TRUE
Artificial intelligence and multimodal data in the service of human decision‐making: A case study in debate tutoring,Mutlu Cukurova,Carmel Kent,Rosemary Luckin,BJET,2019,TRUE
Behavior-Based Machine-Learning_ A Hybrid Approach for Predicting Human Decision Making,"Gali Noti ,Eﬃ Levi ,Yoav Kolumbus ,Amit Daniely ",IVAs,2016,TRUE
Case-Based Situation Awareness,"Nuka Nwiabu, Ian Allison, Patrik Holt, Peter Lowit, Babs Oyeneyin School of Computing, IDEAS Research Institute, Robert Gordon University, Aberdeen, UK",IEEE,2012,TRUE
Cognitive Model Priors for Predicting Human Decisions,"David D. Bourgin, Joshua C. Peterson, Daniel Reichman, Thomas L. Griffiths, Stuart J. Russell",PMLR,2019,TRUE
Credible Case-Based Inference Using Similarity Profiles,Eyke Hullermeier,IEEE,2007,TRUE
Decision Tree Classifier for Human Protein Function,Manpreet Singh,Parvinder Singh,Hardeep Singh,IEEE,2006,TRUE
Decision-making system for orthodontic treatment planning based on direct implementation of expertise knowledge,Yagi,Ohno H,Takada K,IEEE,2010,TRUE
Deep Learning for Predicting Human Strategic Behavior ,"artford, Jason Siyanda",NIPS,2016,TRUE
EEG Eye State Prediction and Classification in order to Investigate Human Cognitive State,"subrato Bharati,Prajoy Podder,Raihan Masud",ICAEE,2018,TRUE
Efficient heart disease prediction system using decision tree,Purushottam,Kanak Saxena,Richa Sharma,ICAEE,2015,TRUE
Emotion and reasoning in human decision-making,Edmund T Rolls,E-Journal,2019,TRUE
Enhancement of Decision Strategies Selection Under Uncertainty Using Discrete Simulation,Ferhat Fillali,Abdelhak Boubetra,Sofiane Maza,IEEE,2013,TRUE
Experience-Based Decision Making- A Satisficing Decision Tree Approach,E. Hullermeier,IEEE,2015,TRUE
"From anomalies to forecasts_ Toward a descriptive model of decisions under risk, under ambiguity, and from experience",Ido Erev,Eyal Ert,Ori Plonsky,APA,2017,TRUE
Hesitant Fuzzy Thermodynamic Method for Emergency Decision Making Based on Prospect Theory,"Ren, Peijia, Xu, Zeshui, Hao, Zhinan",IEEE,2017,TRUE
Human Decision making Expert System which takes decision depending upon previous decisions by weight rearrangement technique,Nikhil Prakash,ICW,2015,TRUE
Human Intent Prediction Using Markov Decision Processes,atharine L. R. McGhan,Ali Nasir,Ella M. Atkins,AIAA,2012,TRUE
Human-Automated Judge Learning: A Methodology for Examining Human Interaction With Information Analysis Automation,Ellen J. Bass,Amy R. Pritchett,IEEE,2018,TRUE
Human-Robot Collaboration for a Shared Mission,Abir-Beatrice Karami,Laurent Jeanpierre,Abdel-Illah Mouaddib,IEEE/ACM,2011,TRUE
Integrating Case-Based Reasoning and Decision Theory,Tsatsoulis  C, Cheng Q, Wei  H-Y.,IEEE,1997,TRUE
"Learning, Optimizing, and Distributed Decision Making Based on Experience",Yu-Chi Ho,IEEE,2004,TRUE
Multi-Objective Decision Making,"Sobol, Marion G,Klein, Gary",Interfaces,1987,TRUE
Optimal decision support rules improve personalize warfarin treatment outcomes,Chih-Lin Chi,Kourosh Ravvaz,John Weissert,IEEE,2006,TRUE
Prospect Theory: An Analysis of Decision under Risk,Daniel Kahneman and Amos Tversky,Econometrica,1979,TRUE
Predicting Human Strategic Decisions Using Facial Expressions,Noam Peled,Moshe Bitan,Joseph Keshet,AAAI,2013,TRUE
Predicting human decisions with behavioral theories and machine learning,"Plonsky, Ori,Apel, Reut,Ert, Eyal",cs.AI/cs.GT/cs.LG,2019,TRUE
Psychological forest:Predicting human behavior,Plonsky Ori, Hazan Tamir, Tennenholtz Moshe,AAAI,2016,TRUE
Qualitative judgemental forecasting methods for use in strategic decision making,D.D. Clarke,IEEE,1992,TRUE
A Choice Prediction Competition: Choices From Experience and From Description,Ido Erev  Eyal Ert  Alvin E. Roth  Ernan Haruvy  Stefan M. Herzog  Robin Hau  Ralph Hertwig  Terrence Stewart  Robert West  Christian Lebiere,WWW,2010,TRUE
The Analysis of Human Judgment Accuracy Using Decision Tree Models,Hsi-Peng Lu,Yi-Wen Yang,Wen-Hui Chen,IEEE,2011,TRUE
"The Theory is Predictive, but is it Complete? An Application to Human Perception of Randomness","Kleinberg, Jon,Liang, Annie,Mullainathan, Sendhil",cs.AI/cs.GT/cs.LG,2017,TRUE
The role of expecting feedback during decision-making under risk,"Francesco Rigoli,Cristina Martinelli,Sukhi Shergill",NeuroImage,2019,TRUE
Thinking and deciding,Jonathan Baron,WWW,2007,TRUE
Altered structural and functional brain network overall organization predict human intertemporal decision-makin,"Zhiyi Chen,Xingwang hu,Qi Chen,Tingyong Feng",WILEY,2018,TRUE
"emotion,decision making and the orbitofrontal cortex",Bechara, A.,Cerebral Cortex,2000,TRUE
Human Insula Activation Reflects Risk Prediction Errors As Well As Risk,"Preuschoff, K., Quartz, S. R., Bossaerts, P.",JOURNAL OF NEUROSCIENCE,2008,TRUE
Predicting Human Decision-Making: From Prediction to Action,"Rosenfeld, Ariel, Kraus, Sarit",IEEE,2018,TRUE
Real-Time User Identiﬁcation and Behavior Prediction Based on Foot-Pad Recognition,"Kuk Ho Heo, Seol Young Jeong and Soon Ju Kang",MDPI,2019,TRUE
Neuroeconomics: The neurobiology of value-based decisionmaking,Antonio Rangel,Colin Camerer,P. Read Montague,Nat Rev Neurosci,2008,TRUE
Co-Regularized Deep Multi-Network Embedding,"Jingchao Ni,Shiyu Chang,Xiao Liu,Wei Cheng,Haifeng Chen,Dongkuan Xu,Xiang Zhang",WWW,2018,FALSE
On Exploring Semantic Meanings of Links for Embedding Social Networks,"Linchuan Xu,Xiaokai Wei,Jiannong Cao,Philip S. Yu",WWW,2018,FALSE
RaRE: Social Rank Regulated Large-scale Network Embedding,"Yupeng Gu,Yizhou Sun,Yanen Li,Yang Yang",WWW,2018,FALSE
HINE: Heterogeneous Information Network Embedding,"Yuxin Chen,Chenguang Wang",DASFAA,2017,TRUE
Structural Deep Network Embedding,"Daixin Wang,Peng Cui,Wenwu Zhu",SIGKDD,2016,FALSE
AspEm: Embedding Learning by Aspects in Heterogeneous Information Networks,"Yu Shi,Huan Gui,Qi Zhu,Lance Kaplan,Jiawei Han",SDM,2018,FALSE
Task-Guided and Path-Augmented Heterogeneous Network Embedding for Author Identification,"Ting Chen,Yizhou Sun",WSDM,2017,TRUE
Embedding of Embedding (EOE): Joint Embedding for Coupled Heterogeneous Networks,"Linchuan Xu,,Xiaokai Wei,Jiannong Cao,Philip S. Yu",WSDM,2017,FALSE
Learning Tree-Structured Detection Cascades for Heterogeneous Networks of Embedded Devices,"Hamid Dadkhahi,Benjamin M. Marlin",SIGKDD,2017,FALSE
Key Player Identification in Underground Forums over,"Yiming Zhang,Yujie Fan,Yanfang Ye,Liang Zhao,Chuan Shi",CIKM,2019,TRUE
Meta-path based multi-network collective link prediction,"Zhang, Jiawei ; Yu, Philip ; Zhou, Zhi-Hua",SIGKDD,2014,TRUE
Correlating User Mining Methods for Social Network integration:A Survey,"Zhou Xiao-Ping, LiANG Xun, ZHAO Ji-Chao, Li Zhi-Yu, MA Yue-Feng",Joumal of Software,2017,FALSE
"BL-MNE: Emerging heterogeneous social network embedding through broad learning with aligned autoencoder","Jiawei Zhang, Congying Xia, Chenwei Zhang, Limeng Cui, Yanjie Fu, Philip S. Yu",ICDM,2017,FALSE
"Social Network Fusion and Mining: A Survey","Jiawei Zhang",arXiv,2018,FALSE
"Transferring Heterogeneous Links across Location-Based Social Networks","Zhang Jiawei, Kong Xiangnan, Yu Philip",WSDM,2017,TRUE
"Inferring Anchor Links across Multiple Heterogeneous Social Networks","Xiangnan Kong, Jiawei Zhang, Philip S. Yu",CIKM,2013,FALSE
"Meta-path based Anchor Link Inference in Multiple Partially Aligned Social Networks","Luo Wei, Li Kan",CSCI,2017,FALSE
"Aligning Users Across Social Networks Using Network Embedding","Li Liu, William K. Cheung, Xin Li, Lejian Liao",IJCAI,2016,TRUE
"Data Fusion of Diverse Data Sources: Enrich Spatial Data Knowledge Using HINs","Hardik Patel, Pavlos Paraskevopoulos, Matthias Renz",SIGMOD,2018,FALSE
"A Survey of Heterogeneous Information Network Analysis","Chuan Shi, Yitong Li, Jiawei Zhang, Yizhou Sun, Philip S. Yu",TKDE,2017,TRUE
"Deep Collaborative Filtering with Multi-Aspect Information in Heterogeneous Networks","Chuan Shi,Xiaotian Han,Li Song,Xiao Wang,Senzhang Wang,Junping Du,Philip S. Yu",TKDE,2019,FALSE
"HAHE: Hierarchical Attentive Heterogeneous Information Network Embedding","Sheng Zhou, Jiajun Bu, Xin Wang, Jiawei Chen, Bingbing Hu, Defang Chen, Can Wang",UMAP ,2019,TRUE
"PME: Projected Metric Embedding on Heterogeneous Networks for Link Prediction","Hongxu Chen,Hongzhi Yin,Weiqing Wang,Hao Wang,Quoc Viet Hung Nguyen,Xue Li",SIGKDD,2018,FALSE
"Structural Deep Embedding for Hyper-Networks","Ke Tu,Peng Cui,Xiao Wang,Fei Wang,Wenwu Zhu",AAAI,2018,FALSE
"SHINE: Signed Heterogeneous Information Network Embedding for Sentiment Link Prediction","Hongwei Wang,Fuzheng Zhang,Min Hou,Xing Xie,Minyi Guo,Qi Liu",WSDM,2018,FALSE
"Curriculum Learning for Heterogeneous Star Network Embedding via Deep Reinforcement Learning","Meng Qu,Jian Tang,Jiawei Han",WSDM,2018,TRUE
"Network Embedding as Matrix Factorization: Unifying DeepWalk, LINE, PTE, and node2vec","Jiezhong Qiu,Yuxiao Dong,Hao Ma,Jian Li,Kuansan Wang,Jie Tang",WSDM,2018,FALSE
"Multi-Dimensional Network Embedding with Hierarchical Structure","Yao Ma,Zhaochun Ren,Ziheng Jiang,Jiliang Tang,Dawei Yin",WSDM,2018,FALSE
"Easing Embedding Learning by Comprehensive Transcription of Heterogeneous Information Networks","Yu Shi,Qi Zhu, Fang Guo,Chao Zhang,Jiawei Han",SIGKDD,2018,FALSE
"Arbitrary-Order Proximity Preserved Network Embedding","Ziwei Zhang,Peng Cui,Xiao Wang,Jian Pei,Xuanrong Yao,Wenwu Zhu",SIGKDD,2018,TRUE
"NetWalk: A Flexible Deep Embedding Approach for Anomaly Detection in Dynamic Networks","Wenchao Yu, Wei Cheng, Charu C. Aggarwal, Kai Zhang, Haifeng Chen, and Wei Wang",SIGKDD,2018,FALSE
"Deep Variational Network Embedding in Wasserstein Space","Dingyuan Zhu, Peng Cui, Daixin Wang, Wenwu Zhu",SIGKDD,2018,FALSE
"Embedding Temporal Network via Neighborhood Formation","Yuan Zuo, Guannan Liu, Hao Lin, Jia Guo, Xiaoqian Hu, Junjie Wu",SIGKDD,2018,FALSE
"Hierarchical Taxonomy Aware Network Embedding","Jianxin Ma, Peng Cui, Xiao Wang, Wenwu Zhu",SIGKDD,2018,TRUE
"Deep Recursive Network Embedding with Regular Equivalence","Ke Tu, Peng Cui, Xiao Wang, Philip S. Yu, Wenwu Zhu",SIGKDD,2018,TRUE
"Content to Node: Self-Translation Network Embedding","Jie Liu, Zhicheng He, Lai Wei, Yalou Huang",SIGKDD,2018,FALSE
"Semi-supervised Learning over Heterogeneous Information Networks by Ensemble of Meta-graph Guided Random Walks","He Jiang, Yangqiu Song1, Chenguang Wang, Ming Zhang, Yizhou Sun",IJCAI,2017,TRUE
"Are Meta-Paths Necessary? Revisiting Heterogeneous Graph Embeddings","Rana Hussein, Dingqi Yang, Philippe CudrĂ©-Mauroux",CIKM,2018,FALSE
"HeteroMed: Heterogeneous Information Network for Medical Diagnosis","Anahita Hosseini, Ting Chen, Wenjun Wu, Yizhou Sun, Majid Sarrafzadeh",CIKM,2018,FALSE
"Abnormal Event Detection via Heterogeneous Information Network Embedding","Shaohua Fan, Chuan Shi, Xiao Wang",CIKM,2018,TRUE
Joint user-interest and social-influence emotion prediction for individuals,Neurocomputing,"Ting Rui,Peng Cui,Wenwu Zhu",2016,FALSE
Repost prediction incorporating time-sensitive mutual influence in social networks,Journal of computational science,"Zhou, Bin Han, Weihong Jia, Yan Quan, Yong Li, Shudong",2018,FALSE
Link prediction in fuzzy social networks using distributed learning automata,Applied Intelligence,"Behnaz Moradabadi,  Mohammad Reza Meybodi",2017,FALSE
A Survey of Social Network Analysis Techniques and their Applications to Socially Aware Networking,IEEE Transactions on Communications,Sho TSUGAWA,2018,FALSE
Retweeting Prediction Based on Social Hotspots and Dynamic Tensor Decomposition,IEICE Transactions on Information and Systems,"Qian LI, Xiaojuan LI, Bin WU, Yunpeng XIAO",2018,FALSE
Detect potential relations by link prediction in multi-relational social networks,Decision Support Systems,"Chen Ling, Liu Wei, Gao Man, Chen Bolun, Li Bin",2018,FALSE
User Vitality Ranking and Prediction in Social Networking Services: A Dynamic Network Perspective ,IEEE Transactions on Knowledge and Data Engineering,"Hong Richang, He Chuan, Ge Yong, Wang Meng, Wu Xindong",2017,FALSE
Influence Factorization for identifying authorities in Twitter,Knowledge-based systems,"Şule Gündüz Öğüdücü, Zeynep Zengin Alp",2018,FALSE
Prediction of Personalized Rating by Combining Bandwagon Effect and Social Group Opinion: using Hadoop-Spark Framework ,International Journal of Applied Engineering Research,"Limei Peng, Kiejin Park, Lu Sun",2017,FALSE
Churn prediction and social neighbour influences for different types of user groups in virtual worlds ,Expert Systems,"Duen-Ren Liu, Hsiu-Yu Liao, Kuan-Yu Chen, Yi-Ling Chiu",2018,FALSE
A hybrid collaborative filtering model for social influence prediction in event-based social networks,IEEE International Conference on Database Systems for Advanced Applications Workshop,"Xiao Li, Xiang Cheng, Sen Su, Shuchen Li, Jianyu Yang",2016,TRUE
ArnetMiner: Extraction and Mining of Academic Social Networks,Proceedings of the 14th ACM SIGKDD international conference on Knowledge discovery and data mining ,"Jie Tang, Jing Zhang,Limin Yao, Juanzi Li,Li Zhang, Zhong Su",2008,TRUE
Community Preserving Network Embedding,Proceedings of the Thirty-First AAAI Conference on Artificial Intelligence (AAAI-17),"Xiao Wang, Peng Cui,Jing Wang, Jian Pei, Wenwu Zhu, Shiqiang Yang",2017,TRUE
DeepInf: Social Influence Prediction with Deep Learning,Proceedings of the 24th ACM SIGKDD International Conference on Knowledge Discovery & Data Mining ,"Jiezhong Qiu, Jian Tang, Hao Ma, Yuxiao Dong, Kuansan Wang, and Jie Tang",2018,TRUE
Information Diffusion in Online Social Networks,ACM Conference on Management of Data,Adrien Guille,Cécile Favre,Hakim Hacid,Djamel Zighed,2013,TRUE
Link Prediction in Complex Networks: A Survey,Physica A: Statistical Mechanics and its Applications,"Linyuan Lu,Tao Zhou ",2010,TRUE
Predicting the Social Influence of Upcoming Contents in Large Social Networks,Proceedings of the Fifth International Conference on Internet Multimedia Computing and Service ,"Yi Han, Lei Deng, Binying Xu, Lumin Zhang, Bin Zhou, Yan Jia",2013,FALSE
Scalable Learning of Collective Behavior Based on Sparse Social Dimensions,Proceedings of the 18th ACM conference on Information and knowledge management ,Lei Tang,Huan Liu,2009,FALSE
Situating Social Influence Processes: Dynamic Multidirectional Flows of Influence Within Social Networks,SAGE Journals ,"Winter A. Mason, Frederica R. Conrey,Eliot R. Smith",2007,FALSE
Social structure of Facebook networks,Physica A: Statistical Mechanics and its Applications,"Amanda L. Trauda, Peter J. Mucha, Mason A. Porter",2011,TRUE
A mathematical approach to gauging influence by identifying shifts in the emotions of social media users ,IEEE Transactions on Computational Social Systems ,"Servi, Les, and Sara Beth Elson",2014,FALSE
A User Participation Behavior Prediction Model of Social Hotspots Based on Influence and Markov Random Field,China Communications,"Yunpeng Xiao, Jiawei Lai, Yanbing Liu",2017,FALSE
Exploiting geo-social correlations to improve pairwise ranking for point-of-interest recommendation,China Communications,"Rong Gao, Jing Li*, Bo Du, Xuefei Li, Jun Chang, Chengfang Song, Donghua Liu",2018,FALSE
Impact of context on social influence,2016 24th Iranian Conference on Electrical Engineering (ICEE),Farzaneh Ghayour Baghbani,Masoud Asapour,Heshaam Faili,2016,TRUE
Influence in social networks A unified model,2014 IEEE/ACM International Conference on Advances in Social Networks Analysis and Mining (ASONAM 2014),Ajitesh Srivastava ; Charalampos Chelmis ; Viktor K. Prasanna,2014,FALSE
Information diffusion prediction in mobile social networks with hydrodynamic model,2016 IEEE International Conference on Communications (ICC),Ying Hu ; Min Chen,2016,FALSE
Random Walk Based Inverse Influence Research in Online Social Networks,2013 IEEE 10th International Conference on High Performance Computing and Communications & 2013 IEEE International Conference on Embedded and Ubiquitous Computing,Zhaoyan Jin ; Quanyuan Wu ; Dianxi Shi ; Huining Yan,2013,FALSE
Social Influence Algorithms and Emotion Classification for Prediction of Human Behavior A Survey,2017 Second International Conference on Recent Trends and Challenges in Computational Models (ICRTCCM),Poornima Nedunchezhian ; Shomona Gracia Jacob,2017,FALSE
Social restricted Boltzmann Machine Human behavior prediction in health social networks,2015 IEEE/ACM International Conference on Advances in Social Networks Analysis and Mining,"NhatHai Phan,Dejing Dou,Brigitte Piniewski,David Kil",2015,FALSE
What Cuisine Do You Like- Improving Dining Preference Prediction through Physical Social Locations,2012 IEEE International Conference on Green Computing and Communications,James She ; Anna Vassilovski ; Alvin Hon,2012,FALSE
Who Influenced You? Predicting Retweet via Social Influence Locality,ACM transactions on knowledge discovery from data ,"Zhang Jing, Tang Jie, Li Juanzi, Liu Yang, Xing Chunxiao",2015,FALSE
Predicting the topic influence trends in social media with multiple models,Neurocomputing,"Yi Han, Binxing Fang, Yan Jia",2014,FALSE
(Mis)Understanding Our Influence Over Others: A Review of the Underestimation-of-Compliance Effect ,Current directions in psychological science: a journal of the American Psychological Society ,"Bohns, Vanessa K.",2016,FALSE
Friendship influence on mobile behavior of location based social network users,Journal of communications and networks,"Yang Song, Zheng Hu, Xiaoming Leng, Hui Tian, Kun Yang, Xin Ke",2015,FALSE
Predicting Influential Mobile-Subscriber Churners using Low-level User Features,Automatika,"Droftina Uros, Stular Mitja, Kosir, Andrej",2015,FALSE
Forecasting participants of information diffusion on social networks with its applications ,Information Sciences,"Cheng-Te Li, Yu-Jen Lin, Mi-Yen Yeh",2018,FALSE
Learning to Predict Reciprocity and Triadic Closure in Social Networks,ACM transactions on knowledge discovery from data,"TIANCHENG LOU, XIAOWEN DING, JIE TANG, JOHN HOPCROFT, ZHANPENG FANG",2013,FALSE
Retweeting Behavior Prediction Based on One-Class Collaborative Filtering in Social Networks,ACM SIGIR forum,"Bo Jiang, Jiguang Liang, Ying Sha, Rui Li, Wei Liu, Hongyuan Ma, Lihong Wang",2016,FALSE
Learning information diffusion model in a social network for predicting influence of nodes,Intelligent data analysis,"Masahiro Kimura, Kazumi Saito, Kouzou Ohara, Hiroshi Motoda",2011,FALSE
Predicting customer churn through interpersonal influence,Knowledge-based systems,"Xiaohang Zhang, Ji Zhu, Shuhua Xu, Yan Wan",2011,FALSE
A Combined Collaborative Filtering Model for Social Influence Prediction in Event-Based Social Networks,International Conference on Database Systems,"Xiao Li, Xiang Cheng, Sen Su, Shuchen Li, and Jianyu Yang",2016,TRUE
Joint user-interest and social-influence emotion prediction for individuals,Neurocomputing,"Ting Rui, Peng Cui, Wenwu Zhu",2017,TRUE
Personalized Tag Prediction via Social Influence in Social Networks ,MIPPR 2011: Pattern Recognition and Computer Vision,"Zhenlei Yan, Jie Zhou ",2011,FALSE
Social Influence (Deep) Learning for Human Behavior Prediction,Springer ,Luca Luceri,Torsten Braun,Silvia Giordano,2018,FALSE
Social Influence on Predictions of Simulated Stock Prices,Journal of Behavioral Decision Making,"MARIA ANDERSSON, TED MARTIN HEDESSTROM and TOMMY GARLING",2019,FALSE
Social Network User Influence Dynamics Prediction,Asia Pacific Web Conference,"Jingxuan Li, Wei Peng, Tao Li, and Tong Sun",2013,TRUE
Traffic Clustering and Online Traffic Prediction in Vehicle Networks: A Social Influence Perspective,Proceedings - IEEE INFOCOM,"Bowu Zhang1, Kai Xing, Xiuzhen Cheng, Liusheng Huang, and Rongfang Bie",2012,TRUE
Who Should Share What? Item-level Social Influence Prediction for Users and Posts Ranking,Proceedings of the 34th international ACM SIGIR conference on Research and development in Information Retrieval,Peng Cui; Fei Wang; Shaowei Liu; Mingdong Ou; Shiqing Yang; Lifeng Sun,2011,TRUE
An intuitionistic fuzzy method for social network prediction problems,Journal of intelligent & fuzzy systems: Applications in Engineering and Technology ,"Liming Yanga, Wei Zhanga, Wenqing Liua, Yunfang Chena",2016,FALSE
Utility-Based Link Recommendation for Online Social Networks,Management science: Journal of the Institute of Management Sciences,"Zhepeng Li, Xiao Fang, Xue Bai, Olivia R. Liu Sheng",2016,FALSE
Measuring Social Networks with Digital Photograph Collections,Scott A.Golder,ACM Conference on Hypertext and Hypermedia,2008,FALSE
CLOSE & CLOSER: DISCOVER SOCIAL RELATIONSHIP FROM PHOTO COLLECTIONS,"Peng Wu, Weimin Ding, Zhidong Mao, Dan Tretter",ICME,2009,TRUE
Close & Closer: Social Cluster and Closeness from Photo Collections,"Peng Wu, Dan Tretter",ACM MM,2009,TRUE
Understanding Kin Relationships in a Photo,"Siyu Xia, Ming Shao, Jiebo Luo, Yun Fu",IEEE MM,2012,TRUE
Discovering Informative Social Subgraphs and Predicting Pairwise Relationships from Group Photos,"Yan-Ying Chen, Winston H. Hsu, Hong-Yuan Mark Liao",ACM MM,2012,TRUE
 Who Do I Look Like? Determining Parent-Offspring Resemblance via Gated Autoencoders,"Afshin Dehghan, Enrique G. Ortiz, Ruben Villegas, Mubarak Shah",CVPR,2014,TRUE
Graph-based Kinship Recognition,Yuanhao Guo, Hamdi Dibeklio˘glu, Laurens van der Maaten,ICPR,2014,TRUE
Tri-Subject Kinship Verification: Understanding the Core of A Family,"Xiaoqian Qin, Xiaoyang Tan, and Songcan Chen",IEEE MM,2015,TRUE
Family Member Identification from Photo Collections,"Qieyun Dai, Peter Carr, Leonid Sigal, Derek Hoiem",WACV,2015,FALSE
Visual Kinship Recognition of Families in the Wild,"Joseph P. Robinson, Ming Shao, Yue Wu, Hongfu Liu, Timothy Gillis, Yun Fu",IEEE TRANSACTIONS ON PATTERN ANALYSIS AND MACHINE INTELLIGENCE,2018,TRUE
Learning deep compact similarity metric for kinship verification from face images,"Xiuzhuang Zhou, Kai Jin, Min Xu, Guodong Guo",Information Fusion,2019,TRUE
Learning part-aware attention networks for kinship verification,"Haibin Yan, Shiwei Wang",Pattern Recognition Letters,2019,TRUE
Learning Social Relation Traits from Face Images,"Zhanpeng Zhang, Ping Luo, Chen Change Loy, Xiaoou Tang",ICCV,2015,TRUE
A Domain Based Approach to Social Relation Recognition,"Qianru Sun, Bernt Schiele, Mario Fritz",CVPR,2017,TRUE
Dual-Glance Model for Deciphering Social Relationships,"Junnan Li, Yongkang Wong, Qi Zhao, Mohan S. Kankanhalli",ICCV,2017,TRUE
From Facial Expression Recognition to Interpersonal Relation Prediction,"Zhanpeng Zhang, Ping Luo, Chen Change Loy, Xiaoou Tang",IJCV,2018,TRUE
Deep Reasoning with Knowledge Graph for Social Relationship Understanding,"ZhouxiaWang, Tianshui Chen, Jimmy Ren, Weihao Yu, Hui Cheng, Liang Lin",IJCAI,2018,TRUE
An End-to-End Network for Generating Social Relationship Graphs,"Arushi Goel, Keng Teck Ma, Cheston Tan",CVPR,2019,TRUE
SOCIAL RELATION RECOGNITION IN EGOCENTRIC PHOTOSTREAMS,"Emanuel S´anchez Aimar, Petia Radeva, Mariella Dimiccoli",ICIP,2019,TRUE
MULTI-GRANULARITY REASONING FOR SOCIAL RELATION RECOGNITION FROM IMAGES,"Meng Zhang, Xinchen Liu, Wu Liu, Anfu Zhou, Huadong Ma, Tao Mei",ICME,2019,TRUE
RoleNet: Movie Analysis from the Perspective of Social Networks,"Chung-Yi Weng, Wei-Ta Chu, Ja-Ling Wu",IEEE MM,2009,TRUE
Learning Relations among Movie Characters: A Social Network Perspective,"Lei Ding, Alper Yilmaz",ECCV,2010,TRUE
MINING ACTOR CORRELATIONS WITH HIERARCHICAL CONCURRENCE PARSING,"Kun Yuan, Hongxun Yao, Rongrong Ji, Xiaoshuai Sun",ICASSP,2010,TRUE
Automatic Social Network Construction from Movies Using Film-Editing Cues,"Mei-Chen Yeh, Ming-Chi Tseng, Wen-Po Wu",ICMEW,2012,FALSE
Character Relationship Analysis in Movies Using Face Tracks,"Yi-I Chiu, Pau-Choo Chung, Chun-Rong Huang",MVA,2013,FALSE
Active Clustering with Ensembles for Social Structure Extraction,"Jeremiah R. Barr, Leonardo A. Cament, Kevin W. Bowyer, Patrick J. Flynn",WACV,2014,FALSE
Social Network Analysis of TV Drama Characters via Deep Concept Hierarchies,"Chang-Jun Nan, Kyung-Min Kim, and Byoung-Tak Zhang",ASONAM,2015,FALSE
Social Network Construction of the Role Relation in Unstructured Data Based on Multi-view,"Lili ZHOU, Jinna LV, Bin WU",DSC,2017,FALSE
StoryRoleNet: Social Network Construction of Role Relationship in Video,"JINNA LV, BIN WU, LILI ZHOU, HAN WANG",IEEE ACCESS,2018,FALSE
SRE-Net Model for Automatic Social Relation Extraction from Video,"Lili Zhou, Bin Wu, and Jinna Lv",CCF BigData,2018,FALSE
Visual Transformation Aided Contrastive Learning for Video-based Kinship Verification,Hamdi Dibeklio˘glu,ICCV,2017,TRUE
Video-based kinship verification using distance metric learning,"Haibin Yan, Junlin Hu",Pattern Recognition,2018,TRUE
Supervised Mixed Norm Autoencoder for Kinship Verification in Unconstrained Videos,"Naman Kohli, Daksha Yadav, Mayank Vatsa, Richa Singh, Afzel Noore",IEEE Transactions on Image Processing,2018,TRUE
Audio-Visual Kinship Verification in the Wild,"Xiaoting Wu, Eric Granger, Tomi H. Kinnunen, Xiaoyi Feng, Abdenour Hadid",International Conference on Biometrics,2019,FALSE
Inferring Social Relations from Visual Concepts,"Lei Ding, Alper Yilmaz",ICCV,2011,TRUE
Social Role Discovery in Human Events,"Vignesh Ramanathan, Bangpeng Yao, Li Fei-Fei",CVPR,2013,TRUE
Multi-stream Fusion Model for Social Relation Recognition from Videos,"Jinna Lv, Wu Liu, Lili Zhou, Bin Wu, Huadong Ma",MMM,2018,TRUE
Social Relation Recognition from Videos via Multi-scale Spatial-Temporal Reasoning,"Xinchen Liu, Wu Liu, Meng Zhang, Jingwen Chen, Lianli Gao, Chenggang Yan, Tao Mei",CVPR,2019,TRUE
TWO-STAGE MODEL FOR SOCIAL RELATIONSHIP UNDERSTANDING FROM VIDEOS,"Pilin Dai, Jinna Lv, Bin Wu",ICME,2019,TRUE
Spatio-Temporal Attention Model Based on Multi-view for Social Relation Understanding,"Jinna Lv, Bin Wu",MMM,2019,TRUE
Seeing People in Social Context: Recognizing People and Social Relationships,"Gang Wang, Andrew Gallagher, Jiebo Luo, David Forsyth",ECCV,2010,TRUE
Social Roles in Hierarchical Models for Human Activity Recognition,"Tian Lan, Leonid Sigal, Greg Mori",CVPR,2012,TRUE
Recognizing Proxemics in Personal Photos,"Yi Yang, Simon Baker, Anitha Kannan, Deva Ramanan",CVPR,2012,TRUE
Finding Actors and Actions in Movies,"P. Bojanowski, F. Bach, I. Laptev, J. Ponce, C. Schmid, J. Sivic",ICCV,2013,TRUE
"Joint Inference of Groups, Events and Human Roles in Aerial Videos","Tianmin Shu, Dan Xie, Brandon Rothrock, Sinisa Todorovic, Song-Chun Zhu",CVPR,2015,TRUE
Beyond Frontal Faces: Improving Person Recognition Using Multiple Cues,"Ning Zhang, Manohar Paluri, Yaniv Taigman, Rob Fergus, Lubomir Bourdev",CVPR,2015,TRUE
Towards social interaction detection in egocentric photo-streams,"Maedeh Aghaei, Mariella Dimiccoli, Petia Radeva",ICMV,2015,FALSE
With Whom Do I Interact? Detecting Social Interactions in Egocentric Photo-streams,"Maedeh Aghaei, Mariella Dimiccoli, Petia Radeva",ICPR,2016,TRUE
Towards social pattern characterization in egocentric photo-streams,"Maedeh Aghaei, Mariella Dimiccoli, Cristian Canton Ferrer, Petia Radeva",Computer Vision and Image Understanding,2018,TRUE
Visual Social Relationship Recognition,"Junnan Li, Yongkang Wong, Qi Zhao, Mohan S. Kankanhalli",arXiv,2018,FALSE
Social Relation Trait Discovery from Visual LifeLog Data,"Tung Duy Dinh, Hieu Dinh Nguyen, Minh-Triet Tran",ICPRAM,2018,FALSE
Recognizing social relationships from an egocentric vision perspective,"Stefano Alletto, Marcella Cornia, Lorenzo Baraldi, Giuseppe Serra, Rita Cucchiara",BOOK,2019,FALSE
社交网络信息传播的博弈模型,黄启发,朱建明,宋彪,章宁,Journal of Chinese Computer Systems,2014,FALSE
一种基于线性阈值的网络谣言离散传播模型,王家坤,王新华,Information Science ,2019,FALSE
在线社会网络中信息扩散,李栋,徐志明,李生,刘挺,王秀文,Chinese Journal of Computers,2014,TRUE
Efficient Detection of Hot Span in Information Diffusion from Observation,"Kouzou Ohara,Kazumi Saito,Masahiro Kimura,Hiroshi Motoda",Social and Information Networks,2011,FALSE
The study of micro-blog information diffusion model based on community structure detection,"Xiaoyuan Lu, Yidong Cui","International Conference on New Trends in Information Science, Service Science and Data Mining",2013,FALSE
A cascade information diffusion based label propagation algorithm forcommunity detection in dynamic social networks,"Mohammad Sattari, Kamran Zamanifar",Journal of Computational Science,2018,TRUE
Change point detection for information diffusion tree,"Kouzou Ohara,Kazumi Saito,Masahiro Kimura,Hiroshi Motoda",Intelligent Information Systems,2013,FALSE
A Two-stage Algorithm to Estimate the Source of Information Diffusion in Social Media Networks,"A Louni, KP Subbalakshmi",IEEE INFOCOM Workshop on Dynamic Social Networks,2014,TRUE
Disassortative Degree Mixing and Information Diffusion for Overlapping Community Detection in Social Networks (DMID),"Mohsen Shahriari, Sebastian Krott, Ralf Klamma",WWW '15 Companion Proceedings of the 24th International Conference on World Wide Web,2015,TRUE
Source detection of rumor in social network –A review,"Sushila Shelke,Vahida Attar",Online Social Networks and Media,2019,TRUE
Community Detection in Social Networks Using Information Diffusion,"Alireza Hajibagheri, Hamidreza Alvari, Ali Hamzeh, Sattar Hashemi",IEEE/ACM International Conference on Advances in Social Networks Analysis and Mining,2012,FALSE
Information diffusion in online social networks: a survey,"Adrien Guille, Hakim Hacid, Cécile Favre, Djamel A. Zighed",ACM SIGMOD Record,2013,TRUE
Information Diffusion Detection Method Based on Large-scale Event Graph,"WANG Long, LI Xiao-guang, SONG Bao-yan",Journal of Chinese Computer Systems,2015,TRUE
The Empirical Analysis of Micro-blog Information Flow Based on Complex Network Theory,"Tian Zhanwei, Sui Yang",LIBRARY AND INFORMATION SERVICE,2012,TRUE
Dynamics of rumor spreading in mobile social networks,"Wang Hui Han, Jiang-Hong, Deng Lin, Cheng Ke-Qing",Chinese Physical Society,2013,TRUE
The research of information dissemination model on online social network,"Zhang Yan-Chao, Liu Yun Zhang, Hai-Feng Cheng, Hui Xiong Fei",Chinese Physical Society,2011,TRUE
Genetic Algorithm with Local Search for Community Detection in Large-scale Complex Networks,"JIN Di, LIU Jie, YANG Bo, HE Dong-Xiao, LIU Da-You",ACTA AUTOMATICA SINICA,2011,FALSE
Sina Microblog Information Diffusion Analysis and Prediction,"CAOJiu-Xin, WUJiang-Lin, SHIWei, LIUBo, ZHENGXiao, LUOJun-Zhou",CHINESE JOURNAL OF COMPUTERS,2014,TRUE
A Survey for Rumor Propagation Models,"ZHANG Fang, SI Guang-ya1, LUO Pi1",COMPLEX SYSTEMS AND COMPLEXITY SCIENCE,2009,TRUE
Review on Rumor Detection of Online Social Networks,"CHEN Yan-Fang, LIZhi-Yu, LIANGXun, QIJin-Shan",CHINESE JOURNAL OF COMPUTERS,2018,TRUE
Detecting Rumors from Microblogs with Recurrent Neural Networks,"Jing Ma,Wei Gao,Prasenjit Mitra,Sejeong Kwon,Bernard J. Jansen,Kam-Fai Wong,Meeyoung Cha",Proceedings of the Twenty-Fifth International Joint Conference on Artificial Intelligence,2016,TRUE
Study on Information Diffusion Analysis in Social Networks and Its Applications,"Biao Chang,Tong Xu,Qi Liu,En-Hong Chen",International Journal of Automation and Computing,2018,TRUE
基于贝叶斯模型的微博网络水军识别算法研究,张艳梅,黄莹莹,甘世杰,丁熠,马志龙,通信学报,2017,FALSE
基于微博的安全事件实时监测框架研究,李凌云,敖吉,乔治,李剑,信息网络安全,2015,TRUE
Link Recommendation for Promoting Information Diffusion in Social Networks,"Dong Li, Zhiming Xu, Sheng Li, Xin Sun",Proceedings of the 22nd International Conference on World Wide Web-WWW'13 Companion,2013,TRUE
DiffRank：一种新型社会网络信息传播检测算法,"周东浩,韩文报",Journal of Chinese Computer Systems,2014,TRUE
社交网络中信息传播预测的研究综述,王乐,王勇,王东安,徐小琳,信息网络安全,2015,FALSE
Influence analysis in social networks: A survey,"Sancheng Peng,Yongmei Zhou,Lihong Cao,Shui Yu,Jianwei Niu,Weijia Jia",Journal of Network and Computer Applications,2018,TRUE
基于大规模事件图的信息扩散检测方法,"王龙, 李晓光, 宋宝燕  ",小型微型计算机系统,2015,FALSE
Social  user  profiling:  A  social-aware  topic  modeling perspective,"C.Ma,C.Zhu,Y.J.Fu,H.S.Zhu,G.Q.Liu,E.H.Chen.",In Proceedings of the 22nd International Conference  on  Database  Systems  for  Advanced  Applications,2017,TRUE
Information Diffusion Path Inferring Algorithm Based on Communication Data,"XIANG Ying-zhuo,WEI Qiang,YOU Ling",Computer Science,2019,TRUE
Simulation Analysis of Viral-Style Information Diffusion in Small World Networks,"Li Feng,Wei Ying",Journal of System Simulation,2019,FALSE
Information diffusion extended model and stability based on escape-quarantined mechanism,"WANG Gang,HU Xin,LU Shiwei,MA Runnian",JOURNAL OF NATIONAL UNIVERSITY OF DEFENSE TECHNOLOGY,2018,FALSE
Information Diffusion and External Influence in Networks,"Seth Myers,Chenguang Zhu,Jure Leskovec",Proceedings of the 18th ACM SIGKDD international conference on Knowledge discovery and data mining,2012,TRUE
Cost-effective Outbreak Detection in Networks,"Jure Leskovec, Andreas Krause, Carlos Guestrin,Christos Faloutsos, Jeanne VanBriesen, Natalie Glance",13th International Conference on Knowledge Discovery and Data Mining,2007,TRUE
Inferring the diffusion and evolution of topics in social communities,"Cindy Xide Lin, QiaozhuMei, Yunliang Jiang, Jiawei Han, Shanxiang Qi",Social Computing (SocialCom),2011,TRUE
Analyzing Information Dissemination on Social Networks,"Zhang Ling,Luo Manman,Zhu Lijun",Data Analysis and Knowledge Discovery,2018,FALSE
Information diffusion backbones in temporal networks,"Zhan Xiu-Xiu, Hanjalic Alan, Wang Huijuan",Scientific reports,2019,TRUE
Coupling dynamics of epidemic spreading and information diffusion on complex networks,"Xiu-Xiu Zhan, Chuang Liu, Ge Zhou, Zi-Ke Zhang, Gui-Quan Sun, Jonathan J.H. Zhu, Zhen Jin",Applied Mathematics and Computation,2018,TRUE
Identifying Influential Spreaders Based on Network Community Structure,"ZHAO Zhi-Ying, YU Hai, ZHU Zhi-Liang, WANG Xiao-Fan",Chinese Journal of Computers,2014,FALSE
A weakly-supervised factorization method with dynamic graph embedding,"Seyed Amjad Seyedi,Parham Moradi,Fardin Akhlaghian Tab",Artificial Intelligence and Signal Processing Conference,2017,FALSE
Attributed Network Embedding for Learning in a Dynamic Environment,"Jundong Li,Harsh Dani,Xia Hu,Jiliang Tang,Yi Chang,Huan Liu",Proceedings of the 2017 ACM on Conference on Information and Knowledge Management,2017,TRUE
Community Preserving Network Embedding,"Xiao Wang,Peng Cui,Jing Wang,Jian Pei,Wenwu Zhu,Shiqiang Yang",The 31st AAAI Conference on Artificial Intelligence.,2017,TRUE
DEEPEYE: Link Prediction in Dynamic Networks Based on Non-negative Matrix Factorization,"Nahla Mohamed Ahmed,Ling Chen, Yulong Wang,Bin Li, Yun Li,Wei Liu ",Big data minging and analytics,2018,TRUE
Fast Eigen-Functions Tracking on Dynamic Graphs,"Chen Chen,Hanghang Tong",Proceedings of the 2015 SIAM International Conference on Data Mining,2015,TRUE
High-Order Proximity Preserved Embedding for Dynamic Networks,"Dingyuan Zhu, Peng Cui, Ziwei Zhang, Jian Pei, Wenwu Zhu ",IEEE Transactions on Knowledge and Data Engineering,2018,TRUE
Learning Multi-granularity Dynamic Network Representations for Social Recommendation,"Peng Liu,Lemei Zhang,Jon Atle Gulla",IEEE Transactions on Knowledge and Data Engineering,2018,FALSE
Modeling Large-Scale Dynamic Social Networks via Node Embeddings,"Aakas Zhiyuli, Xun Liang, Yanfang Chen, Xiaoyong Du ",IEEE Transactions on Knowledge and Data Engineering,2019,FALSE
Scalable Temporal Latent Space Inference for Link Prediction in Dynamic Social Networks,"Linhong Zhu,Dong Guo, Junming Yin,Greg Ver Steeg,Aram Galstyan ",IEEE Transactions on Knowledge and Data Engineering,2016,FALSE
TIMERS: Error-Bounded SVD Restart on Dynamic Networks,"Ziwei Zhang, Peng Cui, Jian Pei, Xiao Wang, Wenwu Zhu",Thirty-Second AAAI Conference on Artificial Intelligence,2018,TRUE
Dynamic Network Embedding : An Extended Approach for Skip-gram based Network Embedding,"Lun Du,Yun Wang,Guojie Song,Zhicong Lu,Junshan Wan",International Joint Conference on Artificial Intelligence,2018,TRUE
Continuous-Time Dynamic Network Embeddings,"Giang Hoang Nguyen,John Boaz Lee,Ryan A. Rossi,Nesreen K. Ahmed,Eunyee Koh,Sungchul Kim",International World Wide Web Conference,2018,TRUE
Embedding Temporal Network via Neighborhood Formation,"Yuan Zuo,Guannan Liu,Hao Lin,Jia Guo,Xiaoqian Hu,Junjie Wu",ACM Knowledge Discovery and Data Mining,2018,FALSE
NetWalk: A Flexible Deep Embedding Approach for Anomaly Detection in Dynamic Networks,"Wenchao Yu,Wei Cheng,Charu C. Aggarwal,Kai Zhang,Haifeng Chen,Wei Wang",ACM Knowledge Discovery and Data Mining,2018,TRUE
DHNE: Network Representation Learning Method for Dynamic Heterogeneous Networks,"Ying Yin,Li Xin Ji,Jian Peng Zhang,Yu Long Pei",IEEE Access,2019,TRUE
Dynamic Network Embedding via Incremental Skip-gram with Negative Sampling,"Hao Peng,Jianxin Li,Hao Yan,Qiran Gong,Senzhang Wang,Lin Liu,Lihong Wang,Xiang Ren",Science China Information Sciences,2019,TRUE
EpiRep: Learning Node Representations through Epidemic Dynamics on Networks,"Benyun Shi,Jianan Zhong,Qing Bao,Hongjun Qiu,Jiming Liu",ACM International Conference on Web Intelligence,2019,FALSE
dynnode2vec: Scalable Dynamic Network Embedding,"Sedigheh Mahdavi,Shima Khoshraftar,Aijun An",IEEE International Conference on Big Data,2018,TRUE
Toward Time-Evolving Feature Selection on Dynamic Networks,"Jundong Li,Xia Hu,Ling Jian,Huan Liu ",IEEE International Conference on Data Mining,2017,FALSE
A Deep Learning Approach to Link Prediction in Dynamic Networks,"Xiaoyi Li,Nan Du,Hui Li,Kang Li,Jing Gao,Aidong Zhang",SIAM International Conference on Data Mining,2014,FALSE
dyngraph2vec: Capturing Network Dynamics using Dynamic Graph Representation Learning,"Palash Goyal,Sujit Rokka Chhetri,Arquimedes Canedo",Knowledge-Based Systems,2019,TRUE
TimeCrunch: Interpretable Dynamic Graph Summarization,"Neil Shah,Danai Koutra,Tianmin Zou,Brian Gallagher,Christos Faloutsos",KDD,2015,FALSE
Deep Dynamic Network Embedding for Link Prediction,"Taisong Li,Jiawei Zhang,Philip S. Yu,Yan Zhang,Yonghong Yan",IEEE Access,2018,FALSE
Predicting Dynamic Embedding Trajectory in Temporal Interaction Networks,"Srijan Kumar,Xikun Zhang,Jure Leskovec",KDD,2019,TRUE
Streaming Link Prediction on Dynamic Attributed Networks,"Jundong Li,Kewei Cheng,Liang Wu,Huan Liu",WSDM,2018,FALSE
Restricted Boltzmann Machine-Based Approaches for Link Prediction in Dynamic Networks,"Taisong Li,Bing Wang,Yasong Jiang,Yan Zhang,Yonghong Yan",IEEE Access,2018,FALSE
Dynamic Network Embedding by Semantic Evolution,"Yujing Zhou,Weile Liu,Yang Pei,Lei Wang,Daren Zha,Tianshu Fu",IJCNN,2019,FALSE
DepthLGP: Learning Embeddings of Out-of-Sample Nodes in Dynamic Networks,"Jianxin Ma,Peng Cui,Wenwu Zhu",AAAI ,2018,TRUE
Node Embedding over Temporal Graphs,"Uriel Singer,Ido Guy,Kira Radinsky",IJCAI,2019,FALSE
Deep Learning for Link Prediction in Dynamic Networks Using Weak Estimators,"Carter Chiu,Justin Zhan",IEEE Access ,2018,FALSE
CensNet: Convolution with Edge-Node Switching in Graph Neural Networks,"Xiaodong Jiang, Pengsheng Ji, Sheng Li",International Joint Conference on Artificial Intelligence,2019,FALSE
Embedding Temporal Network via Neighborhood Formation,"Yuan Zuo, Guannan Liu, Hao Lin, Jia Guo, Xiaoqian Hu, Junjie Wu",ACM Knowledge Discovery and Data Mining,2018,TRUE
Dynamic graph convolutional networks,"Franco Manessi , Alessandro Rozza , Mario Manzo",Pattern Recognition,2019,TRUE
Dynamic Network Embedding by Modeling Triadic Closure Process,"Lekui Zhou, Yang Yang, Xiang Ren, Fei Wu, Yueting Zhuang",AAAI Conference on Artificial Intelligence,2018,TRUE
Real-Time Streaming Graph Embedding Through Local Actions,"Xi Liu, Ping-Chun Hsieh, Nick Duffield, Rui Chen, Muhe Xie, Xidao Wen",International World Wide Web Conferences,2019,FALSE
Exploiting Interaction Links for Node Classification with Deep Graph Neural Networks,"Hogun Park, Jennifer Neville",International Joint Conference on Artificial Intelligence,2019,FALSE
Learning to Represent the Evolution of Dynamic Graphs with Recurrent Models,"Aynaz Taheri, Kevin Gimpel, Tanya Y. Berger-Wolf",International World Wide Web Conferences,2019,FALSE
Triadic Closure Pattern Analysis and Prediction in Social Networks,"Hong Huang, Jie Tang, Lu Liu, Jarder Luo, Xiaoming Fu",IEEE Transactions on Knowledge and Data Engineering,2015,TRUE
NeLSTM: A New Model for Temporal Link Prediction in Social Networks,"Yue Meng, Peng Wang, Junyan Xiao, Xiaoyu Zhou",ICSC,2019,FALSE
EvolveGCN: Evolving Graph Convolutional Networks for Dynamic Graphs,"Aldo Pareja, Giacomo Domeniconi, Jian Jhen Chen, Tengfei Ma, Toyotaro Suzumura, Hiroki Kanezashi, Tim Kaler, Charles E. Leisersen",,2019,FALSE
Knowledge Graph Embedding: A Survey of Approaches and Applications,"Quan Wang,Zhendong Mao,Bin Wang,Li Guo",TKDE,2017,TRUE
Freebase: A collaboratively created graph database for structuring human knowledge,"Kurt Bollacker,Colin Evans,Praveen Paritosh,Tim Sturge,Jamie Taylor",SIGMOD,2008,TRUE
DBpedia: A large-scale multilingual knowledge base extracted from Wikipedia,"Jens Lehmann,Robert Isele,Max Jakob,Anja Jentzsch,Dimitris Kontokostas,Pablo N. Mendes,Sebastian Hellmann,Mohamed Morsey,Patrick van Kleef,Sören Auer and Christian Bizer",JWS,2015,TRUE
YAGO: A core of semantic knowledge,"Fabian M. Suchanek,Gjergji Kasneci,Gerhard Weikum",WWW,2007,TRUE
Toward an architecture for never-ending language learning,"Andrew Carlson,Justin Betteridge,Bryan Kisiel,Burr Settles,Estevam R. Hruschka,Tom M. Mitchell",AAAI,2010,FALSE
"BabelNet: The automatic construction, evaluation and application of a wide-coverage multilingual semantic network","Roberto Navigli, Simone Paolo Ponzetto",Artificial Intelligence,2012,TRUE
Translating embeddings for modeling multi-relational data,"Antoine Bordes,Nicolas Usunier,Alberto Garcia-Duran,Jason Weston,Oksana Yakhnenko",NeurIPS,2013,TRUE
Knowledge graph embedding by translating on hyperplanes,"Zhen Wang,Jianwen Zhang,Jianlin Feng,Zheng Chen",AAAI,2014,TRUE
Learning entity and relation embeddings for knowledge graph completion,"Yankai Lin,Zhiyuan Liu,Maosong Sun,Yang Liu,Xuan Zhu",AAAI,2015,TRUE
Locally Adaptive Translation for Knowledge Graph Embedding,"Yantao Jia,Yuanzhuo Wang,Hailun Lin,Xiaolong Jin,Xueqi Cheng",AAAI,2016,TRUE
Learning to represent knowledge graphs with Gaussian embedding,"Shizhu He,Kang Liu,Guoliang Ji and Jun Zhao",CIKM,2015,TRUE
TransG: A Generative Model for Knowledge Graph Embedding,"Han Xiao,Minlie Huang ,Xiaoyan Zhu",ACL,2016,FALSE
A three-way model for collective learning on multi-relational data," Maximilian Nickel,Volker Tresp,Hans-Peter Kriegel",ICML,2011,TRUE
A latent factor model for highly multi-relational data,"Rodolphe Jenatton,Nicolas Le Roux,Antoine Bordes,Guillaume Obozinski",NeurIPS,2012,FALSE
Holographic embeddings of knowledge graphs,"Nickel Maximilian,Lorenzo Rosasco,Tomaso Poggio",AAAI,2016,TRUE
Effective blending of two and three-way interactions for modeling multi-relational data,"García-Durán Alberto,Antoine Bordes,Nicolas Usunier",ECML-PKDD,2014,FALSE
Embedding entities and relations for learning and inference in knowledge bases,"Yang Bishan,Wen-tau Yih,Xiaodong He,Jianfeng Gao,Li Deng",ICLR,2014,TRUE
Complex embeddings for simple link prediction,"Trouillon Théo,Johannes Welbl,Sebastian Riedel,Éric Gaussier,Guillaume Bouchard",ICML,2016,FALSE
Analogical inference for multi-relational embeddings,"Liu Hanxiao,Yuexin Wu,Yiming Yang",ICML,2017,TRUE
Knowledge vault: A web-scale approach to probabilistic knowledge fusion,"Dong Xin,Evgeniy Gabrilovich,Geremy Heitz,Wilko Horn,Ni Lao,Kevin Murphy,Thomas Strohmann,Shaohua Sun,Wei Zhang",SIGKDD,2014,TRUE
Reasoning with neural tensor networks for knowledge base completion,"Richard Socher ,Danqi Chen,Christopher D. Manning,Andrew Y. Ng",NeurIPS,2013,TRUE
Probabilistic reasoning via deep learning: Neural association models,"Liu Quan,Hui Jiang,Andrew Evdokimov,Zhen-Hua Ling,Xiaodan Zhu,Si Wei,Yu Hu",arXiv preprint,2016,TRUE
Factorizing YAGO: Scalable machine learning for linked data,"Maximilian Nickel ,Volker Tresp ,Otto-hahn Ring ,Hans-peter Kriegel",WWW,2012,FALSE
Representation learning of knowledge graphs with hierarchical types,"Ruobing Xie,Zhiyuan Liu,Maosong Sun",IJCAI,2016,FALSE
Modeling relation paths for representation learning of knowledge bases,"Yankai Lin, Zhiyuan Liu, Huanbo Luan, Maosong Sun, Siwei Rao, Song Liu",EMNLP,2015,TRUE
Traversing knowledge graphs in vector space,"Kelvin Guu,John Miller,Percy Liang",EMNLP,2015,TRUE
Knowledge graph and text jointly embedding,"Zhen Wang,Jianwen Zhang,Jianlin Feng,Zheng Chen",EMNLP,2014,TRUE
Representation learning of knowledge graphs with entity descriptions,"Ruobing Xie,Zhiyuan Liu,Jia Jia,Huanbo Luan,Maosong Sun",AAAI,2016,TRUE
Text-enhanced representation learning for knowledge graph,"Zhigang Wang,Juanzi Li,Zhiyuan Liu,Jie Tang",IJCAI,2016,TRUE
Jointly embedding knowledge graphs and logical rules,"Shu Guo,Quan Wang,Lihong Wang ,Bin Wang,Li Guo",EMNLP,2016,TRUE
Injecting Logical Background Knowledge into Embeddings for Relation Extraction,"Tim Rocktaschel,Sameer Singh,Sebastian Riedel",NAACL,2015,FALSE
Encoding temporal information for time-aware link prediction,"Jiang Tingsong,Tianyu Liu,Tao Ge,Lei Sha,Sujian Li,Baobao Chang,Zhifang Sui",EMNLP,2016,TRUE
Predicting the co-evolution of event and knowledge graphs,"Esteban Cristóbal,Volker Tresp,Yinchong Yang,Stephan Baier,Denis Krompaß",International Conference on Information Fusion,2016,FALSE
Know-evolve: Deep temporal reasoning for dynamic knowledge graphs,"Trivedi Rakshit,Hanjun Dai,Yichen Wang,Le Song",ICML,2017,TRUE
GAKE: Graph aware knowledge embedding,"Feng Jun,Minlie Huang,Yang Yang",COLING,2016,TRUE
Link prediction in multi-relational graphs using additive models,"Jiang Xueyan,Volker Tresp,Yi Huang,Maximilian Nickel",SeRSy,2012,FALSE
A semantic matching energy function for learning with multi-relational data,"Bordes Antoine, Glorot Xavier, Weston Jason, Bengio Yoshua",Machine Learning,2014,FALSE
Link prediction in multi-relational graphs using additive models,"Jiang Xueyan,Volker Tresp,Yi Huang,Maximilian Nickel",SeRSy,2012,FALSE
Representation Learning with Ordered Relation Paths for Knowledge Graph Completion,"Yao Zhu, Hongzhi Liu, Zhonghai Wu, Yang Song, Tao Zhang",EMNLP,2019,FALSE
Compositional Vector Space Models for Knowledge Base Completion,"Arvind Neelakantan, Benjamin Roth, Andrew McCallum",ACL,2015,TRUE
Attentive Path Combination for Knowledge Graph Completion,"Xiaotian Jiang, Quan Wang, Baoyuan Qi, Yongqin Qiu, Peng Li, Bin Wang",ACML,2017,FALSE
A three-way model for collective learning on multi-relational data," Maximilian Nickel,Volker Tresp,Hans-Peter Kriegel",ICML,2011,TRUE
Open question answering with weakly supervised embedding models,"Antoine Bordes,Jason Weston,Nicolas Usunier",ECML PKDD,2014,FALSE
Question answering with subgraph embeddings,"Antoine Bordes, Sumit Chopra, Jason Weston",EMNLP,2014,FALSE
Relation extraction with matrix factorization and universal schemas,"Sebastian Riedel,Limin Yao,Andrew McCallum,Benjamin M. Marlin",NAACL,2013,FALSE
Connecting language and knowledge bases with embedding models for relation extraction,"Jason Weston, Antoine Bordes, Oksana Yakhnenko, Nicolas Usunier",EMNLP,2013,TRUE
Modeling relation paths for representation learning of knowledge bases,"Yankai Lin, Zhiyuan Liu, Huanbo Luan, Maosong Sun, Siwei Rao, Song Liu",EMNLP,2015,TRUE
Collaborative Knowledge Base Embedding for Recommender Systems,"Zhang Fuzheng,Yuan Nicholas Jing,Lian Defu,Xie Xing,Ma Wei-Ying",SIGKDD,2016,TRUE
Knowledge graph embedding with diversity of structures,"Zhang Wen ,Chen Huajun",WWW,2017,TRUE
TorusE: Knowledge graph embedding on a lie group,"Takuma Ebisu,Ryutaro Ichise",AAAI,2018,TRUE
Improving knowledge graph embedding using simple constraints,"Boyang Ding,Quan Wang,Bin Wang,Li Guo",ACL,2018,TRUE
Knowledge graph embedding with iterative guidance from soft rules,"Shu Guo,Quan Wang,Lihong Wang,Bin Wang,Li Guo",AAAI,2018,TRUE
NSCaching: Simple and efficient negative sampling for knowledge graph embedding,"Yongqi Zhang,Quanming Yao,Yingxia Shao,Lei Chen",ICDE,2019,FALSE
Multi-view Knowledge Graph Embedding for Entity Alignment,"Qingheng Zhang,Zequn Sun,Wei Hu,Muhao Chen,Lingbing Guo,Yuzhong Qu",IJCAI,2019,TRUE
Learning Attention-based Embeddings for Relation Prediction in Knowledge Graphs,"Deepak Nathani,Jatin Chauhan,Charu Sharma,Manohar Kaul",ACL,2019,FALSE
Relation Embedding with Dihedral Group in Knowledge Graph,"Canran Xu,Ruijiang Li",ACL,2019,FALSE
Estimating Node Importance in Knowledge Graphs Using Graph Neural Networks,"Namyong Park,Andrey Kan,Xin Luna Dong,Tong Zhao,Christos Faloutsos",KDD,2019,TRUE
Cross-lingual Knowledge Graph Alignment via Graph Matching Neural Network,"Kun Xu,Liwei Wang,Mo Yu,Yansong Feng,Yan Song,Zhiguo Wang,Dong Yu",ACL,2019,FALSE
Learning to Exploit Long-term Relational Dependencies in Knowledge Graphs,"Lingbing Guo,Zequn Sun,Wei Hu",ICML,2019,FALSE
Rethinking Knowledge Graph Propagation for Zero-Shot Learning,"Michael Kampffmeyer,Yinbo Chen,Xiaodan Liang,Hao Wang,Yujia Zhang,Eric P. Xing",CVPR ,2019,TRUE
KGAT: Knowledge Graph Attention Network for Recommendation,"Xiang Wang,Xiangnan He,Yixin Cao,Meng Liu,Tat-Seng Chua",KDD,2019,TRUE
Knowledge Graph Convolutional Networks for Recommender Systems with Label Smoothness Regularization,"Hongwei Wang,Fuzheng Zhang,Mengdi Zhang,Jure Leskovec,Miao Zhao,Wenjie Li,Zhongyuan Wang",KDD,2019,TRUE
Text Generation from Knowledge Graphs with Graph Transformers,"Rik Koncel-Kedziorski,Dhanush Bekal,Yi Luan,Mirella Lapata,Hannaneh Hajishirzi",NAACL,2019,TRUE
Subspace Based Network Community DetectionUsing Sparse Linear Coding,Arif Mahmood and Michael Small,TKDE,2015,TRUE
Dynamic Topical Community Detection in Social Network: A Generative Model Approach,"YUNLEI ZHANG , BIN WU, NIANWEN NING, CHENGUANG SONG, JINNA LV",IEEE access,2019,FALSE
"Nonnegative matrix factorization with mixed hypergraph regularization for community detection","Wenhui Wu a, Sam Kwong a,b,∗, Yu Zhou c, Yuheng Jia a, Wei Gao ",Information Sciences,2018,FALSE
A Homophily-Free Community Detection Framework for Trajectories with Delayed Responses,Chung-Kyun Han Shih-Fen Cheng Pradeep Varakantham,AAMAS,2019,TRUE
Community Focusing: Yet Another Query-Dependent Community Detection ,"Zhuo Wang,1,3 Weiping Wang,1∗ Chaokun Wang,2∗ Xiaoyan Gu,1 Bo Li,1 Dan Meng1",AAAI,2019,TRUE
Effective community search for large attributed graphs,"Yixiang Fang, Reynold Cheng, Siqiang Luo, Jiafeng Hu",VILDB,2016,TRUE
Index-based densest clique percolation community search in networks.,"Long Yuan, Lu Qin, Wenjie Zhang, Lijun Chang, and Jianye Yang",TKDE（IEEE Transactions on Knowledge and Data Engineering,2018,TRUE
"Incorporating implicit link preference into overlapping community detection","Hongyi Zhang1,2, Irwin King1,2, Michael R. Lyu1,",AAAI,2015,TRUE
Community Detection in Social Networks Considering Topic Correlations,"Yingkui Wang,1 Di Jin,1,∗ Katarzyna Musial,2 Jianwu Dang1,3",AAAI,2019,TRUE
Neiwalk: community discovery in dynamic content-based networks,"Chang-Dong Wang, Student Member, IEEE, Jian-Huang Lai, Senior Member, IEEE,and Philip S. Yu, Fellow, IEEE",TKDE（IEEE Transactions on Knowledge and Data Engineering,2013,TRUE
Finding and evaluating community structure in networks,"M. E. J. Newman1,2 and M. Girvan2,3",PHYSICAL REVIEW,2004,TRUE
Grarep: Learning graph representations with global structural information,"S Cao, W Lu, Q Xu ", CIKM,2015,TRUE
COMPLEX NETWORK COMMUNITY DETECTION BY IMPROVED NONDOMINATED SORTING GENETIC ALGORITHM,"WEN-JUN LIU, BIN CHEN",DEStech Transactions on  COMPUTER SCIENCE and ENGINEERING,2019,TRUE
Deepwalk: Online learning of social representations,"Perozzi B, Al-Rfou R, Skiena S",SIGKDD,2014,TRUE
SLPA: Uncovering Overlapping Communities in Social Networks via A Speaker-listener Interaction Dynamic Process,"Jierui Xie,Boleslaw K. Szymanski,Xiaoming Liu",ICDMW,2011,TRUE
Top Leaders Community Detection Approach in Information Networks,"Reihaneh Rabbany Khorasgani, Jiyang Chen, Osmar R. Zaïane",SNA-KDD,2010,TRUE
Towards real-time community detection in large networks,"IXY Leung,P Hui,P Lio,J Crowcroft",Physical Review E,2009,TRUE
Detecting the overlapping and hierarchical community structure in complex networks,"Andrea Lancichinetti,Santo Fortunato,J´anos Kert´esz",New journal of physics,2009,TRUE
Fast unfolding of communities in large networks,"Vincent D.Blondel,Jean-Loup Guillaume,Renaud Lambiotte,Etienne Lefebvre1",Journal of Statistical Mechanics: Theory and Experiment,2008,TRUE
Near linear time algorithm to detect community structures in large-scale networks,"Usha Nandini Raghavan, Réka Albert, Soundar Kumara",Physical Review E,2007,TRUE
Uncovering the overlapping community structure of complex networks in nature and society,"Gergely Palla,Imre Derényi,Illés Farkas,Tamás Vicsek",Nature,2005,TRUE
Community detection in networks: A user guide ,"Santo Fortunato, Darko Hric",Physics Reports,2016,FALSE
Community detection algorithms: A comparative analysis,"Andrea Lancichinetti, Santo Fortunato1",PHYSICAL REVIEW E,2009,TRUE
Benchmark graphs for testing community detection algorithms,"Andrea Lancichinetti, Santo Fortunato, Filippo Radicchi",PHYSICAL REVIEW E,2008,TRUE
Community detection in networks: A multidisciplinary review,"Muhammad Aqib Javed, Muhammad Shahzad Younis, Siddique Latif, Junaid Qadir, Adeel Baig",Journal of Network and Computer Applications,2018,FALSE
"Community detection, link prediction, and layer interdependence in multilayer networks","Caterina De Bacco, Eleanor A. Power, Daniel B. Larremore, Cristopher Moore",PHYSICAL REVIEW E,2017,TRUE
Advancing community detection using Keyword Attribute Search,"Sanket Chobe, Justin Zhan",Journal of Big Data,2019,TRUE
A Multiobjective Evolutionary Algorithm Based on Similarity for Community Detection from Signed Social Networks,"Chenlong Liu, Jing Liu, Member, IEEE, Zhongzhou Jiang",IEEE TRANSACTIONS ON CYBERNETICS,2014,TRUE
"Null models for community detection in spatially embedded, temporal networks","Marta Sarzynska, Elizabeth A. Leicht, Gerardo Chowell, Mason A. Porter",Journal of Complex Networks,2015,TRUE
Learning Community Embedding with Community Detection and Node Embedding on Graphs,"Sandro Cavallari, Vincent W. Zheng, Hongyun Cai, Kevin Chen-Chuan Chang, Erik Cambria",the 2017 ACM,2017,TRUE
Community Detection in Networks with Node Attributes,"Jaewon Yang, Julian McAuley, Jure Leskovec",IEEE,2013,TRUE
Community detection based on a semantic network,"ZhengYou Xia,ZhanBu",Knowledge-Based Systems,2012,FALSE
Community detection in networks: A multidisciplinary review,"Muhammad Aqib Javed,Muhammad Shahzad Younis,Siddique Latif,Junaid Qadir,Adeel Baig",JNCA,2018,FALSE
Community Detection in General Stochastic Block models: Fundamental Limits and Efficient Algorithms for Recovery,"Emmanuel Abbe,Colin Sandon",FOCS,2015,TRUE
Communities detection in social network based on local edge centrality,"Xuequn Li,Shuming Zhou,Jiafei Liu,Guanqin Lian,Gaolin Chen,Chen-Wan Lin",Physica A: Statistical Mechanics and its Applications,2019,TRUE
An efficient community detection method based on rank centrality,"Yawen Jiang,Caiyan Jia,Jian Yu",Physica A: Statistical Mechanics and its Applications,2013,TRUE
Community Detection with Edge Content in Social Media Networks,"Guo-Jun Qi,Charu C. Aggarwal,Thomas Huang",ICDE,2012,TRUE
Community detection and stochastic block models: recent developments,"Abbe, Emmanuel",JMLR,2017,TRUE
Exploring the limits of community detection strategies in complex networks,"Rodrigo Aldecoa,Ignacio Marín",scientific reports,2013,TRUE
Hidden Community Detection in Social Networks,"Kun He,Yingru Li,Sucheta Soundarajan,John E. Hopcrof",Information Sciences,2018,FALSE
Overlapping Community Detection Using Neighborhood-Inflated Seed Expansion,"Joyce Jiyoung Whang,David F. Gleich,Inderjit S. Dhillon",TKDE,2016,TRUE
Parallel Modularity-Based Community Detection on Large-Scale Graphs,"Jianping Zeng,Hongfeng Yu",IEEE International Conference on Cluster Computing,2015,TRUE
Collaborative Memory Network for Recommendation Systems,"T Ebesu, B Shen, Y Fang",SIGIR,2018,TRUE
Collaborative variational autoencoder for recommender systems.,Xiaopeng Li and James She.,KDD,2017,TRUE
Collaborative Deep Learning for Recommender Systems,"HaoWang, NaiyanWang, and Dit-Yan Yeung.",KDD,2015,TRUE
Variational Autoencoders for Collaborative Filtering,"Dawen Liang, Rahul G Krishnan, Matthew D Hoffman, and Tony Jebara",WWW,2018,TRUE
Graph Convolutional Neural Networks for Web-Scale Recommender Systems,"Rex Ying, Ruining He, Kaifeng Chen, Pong Eksombatchai, William L. Hamilton, Jure Leskovec.",KDD,2018,TRUE
Geometric Matrix Completion with Recurrent Multi-Graph Neural Networks,"Federico Monti, Michael M. Bronstein, Xavier Bresson.",NIPS,2017,TRUE
STAR-GCN: Stacked and Reconstructed Graph Convolutional Networks for Recommender Systems,"Jiani Zhang, Xingjian Shi, Shenglin Zhao, Irwin King",IJCAI,2019,TRUE
Binarized Collaborative Filtering with Distilling Graph Convolutional Networks,"Haoyu Wang, Defu Lian, Yong Ge.",IJCAI,2019,TRUE
Graph Contextualized Self-Attention Network for Session-based Recommendation,"Chengfeng Xu, Pengpeng Zhao, Yanchi Liu, Victor S. Sheng, Jiajie Xu, Fuzhen Zhuang, Junhua Fang, Xiaofang Zhou.",IJCAI,2019,TRUE
Session-based Recommendation with Graph Neural Networks,"Shu Wu, Yuyuan Tang, Yanqiao Zhu, Liang Wang, Xing Xie, Tieniu Tan.",AAAI,2019,TRUE
Geometric Hawkes Processes with Graph Convolutional Recurrent Neural Networks,"Jin Shang, Mingxuan Sun",AAAI,2019,TRUE
Knowledge-aware Graph Neural Networks with Label Smoothness Regularization for Recommender Systems,"Hongwei Wang, Fuzheng Zhang, Mengdi Zhang, Jure Leskovec, Miao Zhao, Wenjie Li, Zhongyuan Wang.",KDD,2019,TRUE
Exact-K Recommendation via Maximal Clique Optimization,"Yu Gong, Yu Zhu, Lu Duan, Qingwen Liu, Ziyu Guan, Fei Sun, Wenwu Ou, Kenny Q. Zhu.",KDD,2019,TRUE
KGAT: Knowledge Graph Attention Network for Recommendation,"Xiang Wang, Xiangnan He, Yixin Cao, Meng Liu, Tat-Seng Chua.",KDD,2019,TRUE
Knowledge Graph Convolutional Networks for Recommender Systems,"Hongwei Wang, Miao Zhao, Xing Xie, Wenjie Li, Minyi Guo.",WWW,2019,TRUE
Dual Graph Attention Networks for Deep Latent Representation of Multifaceted Social Effects in Recommender Systems,"Qitian Wu, Hengrui Zhang, Xiaofeng Gao, Peng He, Paul Weng, Han Gao, Guihai Chen.",WWW,2019,TRUE
Graph Neural Networks for Social Recommendation,"Wenqi Fan, Yao Ma, Qing Li, Yuan He, Eric Zhao, Jiliang Tang, Dawei Yin",WWW,2019,TRUE
A Neural Influence Diffusion Model for Social Recommendation,"Le Wu, Peijie Sun, Yanjie Fu, Richang Hong, Xiting Wang, Meng Wang",SIGIR,2019,TRUE
Session-based Social Recommendation via Dynamic Graph Attention Networks,"Weiping Song, Zhiping Xiao, Yifan Wang, Laurent Charlin, Ming Zhang, Jian Tang",WSDM,2019,TRUE
Neural Graph Collaborative Filtering,"Xiang Wang, Xiangnan He, Meng Wang, Fuli Feng, Tat-Seng Chua",SIGIR,2019,TRUE
Meta-Graph Based Recommendation Fusion over Heterogeneous Information Networks,"Huan Zhao,Quanming Yao,Jianda Li,Yangqiu Song,Dik Lun",KDD,2017,TRUE
An End-to-End Neighborhood-based Interaction Model for Knowledge-enhanced Recommendation,"Yanru Qu, Ting Bai, Weinan Zhang, Jianyun Nie, Jian Tang",KDD,2019,TRUE
Local and Global Information Fusion for Top-N Recommendation in Heterogeneous Information Network.,"bin Hu, Chuan Shi, Wayne Xin Zhao, Tianchi Yang",CIKM,2018,TRUE
Leveraging Meta-path based Context for Top-N Recommendation with A Neural Co-Attention Model,"bin Hu, Chuan Shi, Wayne Xin Zhao, Philip S. Yu.",KDD,2018,TRUE
Metapath-guided Heterogeneous Graph Neural Network for Intent Recommendation,"Shaohua Fan, Junxiong Zhu, Xiaotian Han, Chuan Shi, Linmei Hu, Biyu Ma, Yongliang Li",KDD,2019,TRUE
Deep Learning for Matching in Search and Recommendation,"Jun Xu, Xiangnan He, & Hang Li",SIGIR,2018,TRUE
Heterogeneous Information Network Embedding for Recommendation,"Chuan Shi,Binbin Hu,Wayne Xin Zhao,Philip S. Yu",TKDE,2018,TRUE
Graph Convolutional Matrix Completion,"Rianne van den Berg,Thomas N. Kipf,Max Welling",arXiv,2017,TRUE
SemRec: A Personalized Semantic Recommendation Method based on Weighted Heterogeneous Information Networks,"Chuan Shi, Zhiqiang Zhan,Yugan Ji,Weipeng Wang,Philiph S. Yu,Zhiping Shi",WWW,2019,TRUE
Aspect-Level Deep Collaborative Filtering via Heterogeneous Information Networks,"Xiaotian Han,Chuan Shi,Senzhang Wang,Philip S. Yu,Li Song",IJCAI,2018,TRUE
Explainable Reasoning over Knowledge Graph Paths for Recommendation,"Xiang Wang, Dingxian Wang, Canran Xu, Xiangnan He, Yixin Cao & Tat-Seng Chua",AAAI,2019,TRUE
A Simple Convolutional Generative Network for Next-item Recommendation,"Fajie Yuan, Alexandros Karatzoglou, Ioannis Arapakis, Joemon M. Jose & Xiangnan He",WSDM,2019,TRUE
Adversarial Personalized Ranking for Recommendation,"Xiangnan He, Zhankui He, Xiaoyu Du & Tat-Seng Chua",SIGIR,2018,TRUE
Attentive Group Recommendation,"Da Cao, Xiangnan He, Lianhai Miao, Yahui An, Chao Yang & Richang Hong",SIGIR,2018,TRUE
Aesthetic-based Clothing Recommendation,"Wenhui Yu, Huidi Zhang, Xiangnan He, Xu Chen, Li Xiong & Zheng Qin",WWW,2018,TRUE
TEM: Tree-enhanced Embedding Model for Explainable Recommendation,"Xiang Wang, Xiangnan He*, Fuli Feng, Liqiang Nie & Tat-Seng Chua",WWW,2018,TRUE
Discrete Factorization Machines for Fast Feature-based Recommendation,"Han Liu, Xiangnan He, Fuli Feng, Liqiang Nie, Rui Liu & Hanwang Zhang",IJCAI,2018,TRUE
Attentive Collaborative Filtering: Multimedia Recommendation with Feature- and Item-level Attention,"Jingyuan Chen, Hanwang Zhang, Xiangnan He*, Liqiang Nie, Wei Liu & Tat-Seng Chua",SIGIR,2017,TRUE
NAIS: Neural Attentive Item Similarity Model for Recommendation,"Xiangnan He, Zhankui He, Jingkuan Song, Zhenguang Liu, Yu-Gang Jiang, & Tat-Seng Chua",TKDE,2018,TRUE
Collaborative recurrent autoencoder: Recommend while learning to fill in the blanks,"Hao Wang, Xingjian Shi, Dit-Yan Yeung",NIPS,2016,TRUE
Predict Anchor Links across Social Networks via an Embedding Approach,IJCAI. 2016,"Man T, Shen H, Liu S",2016,FALSE
An embedding approach to anomaly detection,2016 IEEE ,"Hu R, Aggarwal C C, Ma S",2016,TRUE
Deep neural networks for learning graph representations,Thirtieth AAAI Conference on Artificial Intelligence. 2016.,"Cao S, Lu W, Xu Q",2017,TRUE
Graph attention networks ,arXiv preprint arXiv:1710.10903,"Veličković P, Cucurull G, Casanova A ",2017,TRUE
Semi-supervised classification with graph convolutional networks,arXiv preprint arXiv:1609.02907,"Kipf T N, Welling M",2016,FALSE
A comprehensive survey on graph neural networks,arXiv preprint arXiv:1901.00596,"Wu Z, Pan S, Chen F",2019,FALSE
Learning social network embeddings for predicting information diffusion,"7th ACM international conference on Web search and data mining. ACM, 2014: 393-402","Bourigault S, Lagnier C, Lamprier S",2014,TRUE
Deep neural networks for learning graph representations,Thirtieth AAAI Conference on Artificial Intelligence,"Cao S, Lu W, Xu Q",2016,TRUE
Signed network embedding in social media,2017 SIAM international conference on data mining,"Wang S, Tang J",2017,FALSE
Embedding of embedding (eoe): Joint embedding for coupled heterogeneous networks,10th ACM Int. Conf. Web Search Data Mining,"L. Xu, X. Wei, J. Cao, P. S. Yu",2017,TRUE
Line: Large-scale information network embedding,24th international conference on world wide web. International World Wide Web Conferences Steering Committee,"Tang J, Qu M, Wang M",2016,TRUE
node2vec: Scalable feature learning for networks,22nd ACM SIGKDD international conference on Knowledge discovery and data mining,"Grover A, Leskovec J",2016,TRUE
Grarep: Learning graph representations with global structural information,24th ACM international on conference on information and knowledge management,"Cao S, Lu W, Xu Q.",2015,TRUE
A comprehensive algorithm for evaluating node influences in social networks based on preference analysis and random walk,"Complexity, 2018","Mao C, Xiao W",2018,TRUE
A local random walk model for complex networks based on discriminative feature combinations,Expert Systems with Applications,"Song A, Liu Y, Wu Z",2019,TRUE
ARROW: Approximating Reachability Using Random Walks Over Web-Scale Graphs,2019 IEEE 35th International Conference on Data Engineering (ICDE),"Sengupta N, Bagchi A, Ramanath M",2019,TRUE
Estimating Walk-Based Similarities Using Random Walk,"The World Wide Web Conference. ACM, 2019","Murai S, Yoshida Y",2019,FALSE
Local low-rank matrix approximation with preference selection of anchor points,26th International Conference on World Wide Web Companion. International World Wide Web Conferences Steering Committee,"Zhang M, Hu B, Shi C",2017,FALSE
Random Walk Decay Centrality,AAAI Conference on Artificial Intelligence. 2019,"Wąs T, Rahwan T, Skibski O",2019,FALSE
"Random walks on graphs: new bounds on hitting, meeting, coalescing and returning",2019 Proceedings of the Sixteenth Workshop on Analytic Algorithmics and Combinatorics (ANALCO). Society for Industrial and Applied Mathematics,"Oliveira R I, Peres Y",2019,TRUE
Selection of random walkers that optimizes the global mean first-passage time for search in complex networks,Procedia Computer Science.2017,"Ding M C, Szeto K Y",2017,FALSE
A Survey on Network Embedding,IEEE Transactions on Knowledge and Data Engineering,"Cui P, Wang X, Pei J, Zhu W",2018,TRUE
Graph Representation Ensemble Learning,arXiv preprint arXiv:1909.02811,"Goyal, Palash, Di Huang, Sujit Rokka Chhetri, Arquimedes Canedo, Jaya Shree, Evan Patterson.",2019,FALSE
Quantification of network structural dissimilarities,Nature communications,"Schieber, Tiago A., Laura Carpi, Albert Díaz-Guilera, Panos M. Pardalos, Cristina Masoller, Martín G",2017,TRUE
Fast graph representation learning with PyTorch Geometric,International Conference on Learning Representations,"Fey, Matthias, Jan Eric Lenssen",2019,TRUE
Structural deep network embedding,Conference on Knowledge Discovery and Data Mining,"Wang, Daixin, Peng Cui, Wenwu Zhu",2016,TRUE
Grarep: Learning graph representations with global structural information,Conference on Information and Knowledge Management,"Cao, Shaosheng, Wei Lu, Qiongkai Xu",2015,TRUE
Graph embedding: A general framework for dimensionality reduction,Conference on Computer Vision and Pattern Recognition,"Yan, Shuicheng, Dong Xu, Benyu Zhang, Hong-Jiang Zhang",2005,TRUE
Learning latent representations of nodes for classifying in heterogeneous social networks,International conference on Web search and data mining,"Jacob, Yann, Ludovic Denoyer, Patrick Gallinari",2014,TRUE
Embedding of embedding (eoe): Joint embedding for coupled heterogeneous networks,International conference on Web search and data mining,"Xu, Linchuan, Xiaokai Wei, Jiannong Cao, Philip S",2017,TRUE
Snap: A general-purpose network analysis and graph-mining library,Transactions on Intelligent Systems and Technology,"Leskovec, Jure, Rok Sosič",2016,TRUE
Max-margin deepwalk: Discriminative learning of network representation,Proc. 25th Int. Joint Conf. Artif. Intell.,"C. Tu, W. Zhang, Z. Liu, and M. Sun",2016,TRUE
Support vector machines,IEEE Intell. Syst. Appl.,"M. A. Hearst, S. T. Dumais, E. Osuna, J. Platt, and B. Scholkopf",1988,TRUE
Probabilistic latent document network embedding,Proc. IEEE Int. Conf. Data Mining,T. M. Le and H. W. Lauw,2014,TRUE
Relational topic models for document networks,Proc. Int. Conf. Artif. Intell. Statist.,J. Chang and D. M. Blei,2009,TRUE
Network representation learning with rich text information,Proc. 24th Int. Joint Conf. Artif. Intell.,"C. Yang, Z. Liu, D. Zhao, M. Sun, and E. Y. Chang",2015,TRUE
Inductive matrix completion for predicting gene–disease associations,"Bioinf., vol. 30",N. Natarajan and I. S. Dhillon,2014,TRUE
A general framework for content-enhanced network representation learning,arXiv:1610.02906,"X. Sun, J. Guo, X. Ding, and T. Liu",2016,TRUE
Tri-party deep network representation,"Netw., vol. 11","S. Pan, J. Wu, X. Zhu, C. Zhang, and Y. Wang",2016,TRUE
Label informed attributed network embedding,Proc. 10th ACM Int. Conf. Web Search Data Mining,"X. Huang, J. Li, and X. Hu",2017,TRUE
Spectral graph theory,American Mathematical Soc.,F. R. K. Chung and F. C. Graham,1997,TRUE